State,Seat,Type,Seat ID,Votes for ALL Candidate,Spoilt Votes,Total Registered Votes,Turn Out
Negeri Sembilan,RANTAU,DUN,N.27,0,0,"20,472",0.00%
Sarawak,KAPIT,PARLIMEN,P.215,"18,125",278,"30,658",60.03%
Sarawak,BARAM,PARLIMEN,P.220,"22,352",399,"35,685",63.76%
Sarawak,HULU RAJANG,PARLIMEN,P.216,"17,353",306,"27,520",64.17%
Sarawak,TANJONG MANIS,PARLIMEN,P.206,"14,130",214,"21,899",65.50%
Sarawak,IGAN,PARLIMEN,P.207,"12,581",317,"19,592",65.83%
Sarawak,LIMBANG,PARLIMEN,P.221,"17,468",201,"26,409",66.91%
Sarawak,LAWAS,PARLIMEN,P.222,"14,250",157,"21,297",67.65%
Sarawak,MUKAH,PARLIMEN,P.213,"20,706",379,"30,608",68.89%
Sarawak,BATANG LUPAR,PARLIMEN,P.201,"20,151",403,"29,811",68.95%
Sabah,SULABAYAN,DUN,N.52,"9,499",324,"13,984",70.24%
Sarawak,SRI AMAN,PARLIMEN,P.202,"23,000",295,"33,016",70.56%
Sabah,SEBATIK,DUN,N.60,"5,285",109,"7,614",70.84%
Kelantan,GUAL PERIOK,DUN,N.15,"16,711",325,"24,046",70.85%
Sarawak,LUBOK ANTU,PARLIMEN,P.203,"14,551",199,"20,801",70.91%
Sabah,BANGGI,DUN,N.01,"7,560",279,"11,054",70.92%
Sarawak,SIBUTI,PARLIMEN,P.218,"22,369",284,"31,868",71.08%
Sabah,BUGAYA,DUN,N.54,"13,756",381,"19,865",71.17%
Sabah,SEMPORNA,PARLIMEN,P.189,"33,426",982,"48,248",71.31%
Sabah,ELOPURA,DUN,N.45,"17,791",256,"25,285",71.37%
Sabah,KUNAK,DUN,N.51,"10,161",223,"14,511",71.56%
Sabah,TANJONG KAPOR,DUN,N.02,"16,800",345,"23,928",71.65%
Sarawak,KANOWIT,PARLIMEN,P.210,"14,792",295,"21,022",71.77%
Sabah,SANDAKAN,PARLIMEN,P.186,"28,090",502,"39,777",71.88%
Sabah,TANJONG BATU,DUN,N.59,"16,767",451,"23,951",71.89%
Sarawak,BETONG,PARLIMEN,P.204,"20,720",283,"29,145",72.06%
Sabah,KALABAKAN,PARLIMEN,P.191,"36,909",840,"52,199",72.32%
Sabah,SILAM,PARLIMEN,P.188,"43,040","1,079","60,942",72.40%
Sabah,LAHAD DATU,DUN,N.50,"20,339",432,"28,658",72.48%
Sabah,KARAMUNTING,DUN,N.44,"11,376",267,"16,052",72.53%
Sarawak,MIRI,PARLIMEN,P.219,"57,815",513,"80,386",72.56%
Sabah,SENALLANG,DUN,N.53,"10,207",244,"14,399",72.58%
Sabah,APAS,DUN,N.56,"13,519",290,"18,978",72.76%
Sabah,KUDAT,PARLIMEN,P.167,"37,079",955,"52,251",72.79%
Sabah,TANJONG PAPAT,DUN,N.46,"10,353",196,"14,492",72.79%
Sarawak,JULAU,PARLIMEN,P.209,"18,279",241,"25,380",72.97%
Sabah,TUNGKU,DUN,N.49,"12,619",352,"17,773",72.98%
Sabah,TAWAU,PARLIMEN,P.190,"42,753",981,"59,919",72.99%
Sabah,SRI TANJONG,DUN,N.57,"18,990",285,"26,400",73.01%
Sabah,BALUNG,DUN,N.55,"10,380",252,"14,541",73.12%
Sabah,MEROTAI,DUN,N.58,"14,839",275,"20,634",73.25%
Sabah,BATU SAPI,PARLIMEN,P.185,"23,261",655,"32,574",73.42%
Sarawak,BINTULU,PARLIMEN,P.217,"47,458",523,"65,049",73.76%
Sarawak,SANTUBONG,PARLIMEN,P.193,"33,273",440,"45,628",73.89%
Sarawak,SERIAN,PARLIMEN,P.199,"27,419",385,"37,629",73.89%
Sabah,LIKAS,DUN,N.14,"11,097",84,"15,126",73.92%
Sabah,KUNDASANG,DUN,N.29,"10,691",325,"14,864",74.11%
Perak,MALIM NAWAR,DUN,N.41,"16,673",319,"22,918",74.14%
Sabah,SEKONG,DUN,N.43,"11,918",337,"16,522",74.17%
Sarawak,SELANGAU,PARLIMEN,P.214,"21,970",334,"30,026",74.28%
Sabah,TANDEK,DUN,N.05,"17,336",584,"24,101",74.35%
Perak,KEPAYANG,DUN,N.29,"15,339",182,"20,864",74.39%
Kelantan,RANTAU PANJANG,PARLIMEN,P.023,"48,373",825,"66,115",74.41%
Sarawak,BATANG SADONG,PARLIMEN,P.200,"17,066",220,"23,213",74.47%
Sabah,TANJONG ARU,DUN,N.17,"17,417",342,"23,829",74.53%
Sabah,KOTA MARUDU,PARLIMEN,P.168,"33,906","1,179","47,007",74.64%
Sarawak,LANANG,PARLIMEN,P.211,"45,892",365,"61,973",74.64%
Sarawak,PETRA JAYA,PARLIMEN,P.194,"42,945",354,"57,925",74.75%
Sabah,SUKAU,DUN,N.48,"7,880",253,"10,855",74.92%
Sarawak,BANDAR KUCHING,PARLIMEN,P.195,"61,123",241,"81,856",74.97%
Sabah,MATUNGGONG,DUN,N.04,"16,619",557,"22,906",74.98%
Perak,TRONOH,DUN,N.33,"19,954",285,"26,927",75.16%
Sarawak,SARATOK,PARLIMEN,P.205,"22,707",257,"30,517",75.25%
Kelantan,PENGKALAN KUBOR,DUN,N.01,"20,288",361,"27,395",75.38%
Kelantan,KOTA LAMA,DUN,N.09,"20,960",267,"28,157",75.39%
Kelantan,PENGKALAN PASIR,DUN,N.12,"19,084",380,"25,817",75.39%
Sabah,LABUK,DUN,N.40,"12,425",247,"16,806",75.40%
Perak,PANTAI REMIS,DUN,N.37,"23,900",498,"32,346",75.43%
Kelantan,GUCHIL,DUN,N.40,"15,334",190,"20,560",75.51%
Sabah,BELURAN,PARLIMEN,P.183,"20,698",832,"28,509",75.52%
Perak,KERANJI,DUN,N.42,"16,103",214,"21,605",75.52%
Sabah,PITAS,DUN,N.03,"12,627",416,"17,269",75.53%
Pulau Pinang,PADANG KOTA,DUN,N.26,"10,819",130,"14,476",75.64%
Sabah,SUGUT,DUN,N.39,"8,434",428,"11,703",75.72%
Wilayah Persekutuan (KL),BUKIT BINTANG,PARLIMEN,P.120,"52,408",254,"69,526",75.74%
Sabah,GUM-GUM,DUN,N.41,"9,218",229,"12,460",75.82%
Sarawak,PUNCAK BORNEO,PARLIMEN,P.198,"34,520",514,"46,180",75.86%
Perak,CANNING,DUN,N.25,"24,244",206,"32,215",75.90%
Kelantan,MERANTI,DUN,N.13,"16,019",318,"21,499",75.99%
Kelantan,TANJONG MAS,DUN,N.08,"24,238",201,"32,114",76.10%
Sabah,KOTA KINABALU,PARLIMEN,P.172,"42,310",563,"56,220",76.26%
Kelantan,KOTA BHARU,PARLIMEN,P.021,"66,969",689,"88,708",76.27%
Sabah,API-API,DUN,N.15,"14,330",378,"19,279",76.29%
Kelantan,APAM PUTRA,DUN,N.16,"15,002",214,"19,920",76.39%
Wilayah Persekutuan (Labuan),LABUAN,PARLIMEN,P.166,"21,358",302,"28,356",76.39%
Kelantan,CHETOK,DUN,N.14,"16,698",249,"22,149",76.51%
Sabah,PUTATAN,PARLIMEN,P.173,"30,790",826,"41,312",76.53%
Pahang,TANAH RATA,DUN,N.01,"14,653",305,"19,505",76.69%
Perak,BERUAS,PARLIMEN,P.068,"60,267","1,009","79,794",76.79%
Kelantan,PALOH,DUN,N.44,"12,926",218,"17,115",76.80%
Sarawak,MAS GADING,PARLIMEN,P.192,"22,518",236,"29,617",76.83%
Perak,KAMPAR,PARLIMEN,P.070,"52,495",858,"69,436",76.84%
Sabah,NABAWAN,DUN,N.38,"9,197",228,"12,256",76.90%
Kelantan,PASIR MAS,PARLIMEN,P.022,"53,551","1,232","71,222",76.92%
Perak,CHENDERIANG,DUN,N.47,"17,020",365,"22,591",76.96%
Sabah,KARAMBUNAI,DUN,N.12,"25,902",613,"34,451",76.96%
Perak,AULONG,DUN,N.18,"24,182",583,"32,139",77.06%
Sabah,SINDUMIN,DUN,N.28,"12,809",204,"16,873",77.12%
Sabah,RANAU,PARLIMEN,P.179,"32,942",769,"43,706",77.13%
Kelantan,DEMIT,DUN,N.19,"21,775",290,"28,597",77.16%
Sabah,KINABATANGAN,PARLIMEN,P.187,"21,518",661,"28,730",77.20%
Perak,TEMENGOR,DUN,N.02,"15,517",339,"20,534",77.22%
Sabah,PAGINATAN,DUN,N.31,"11,602",234,"15,325",77.23%
Sarawak,SIBU,PARLIMEN,P.212,"56,753",515,"74,149",77.23%
Sabah,LIBARAN,PARLIMEN,P.184,"36,143",948,"47,914",77.41%
Kelantan,BUNUT PAYONG,DUN,N.10,"21,801",214,"28,437",77.42%
Kelantan,NENGGIRI,DUN,N.43,"11,339",290,"15,010",77.48%
Perak,ASTAKA,DUN,N.38,"22,452",325,"29,372",77.55%
Perak,GERIK,PARLIMEN,P.054,"27,311",595,"35,903",77.73%
Pulau Pinang,PULAU TIKUS,DUN,N.25,"14,188",138,"18,423",77.76%
Sabah,SUNGAI SIBUGA,DUN,N.42,"27,063",525,"35,454",77.81%
Kelantan,GUA MUSANG,PARLIMEN,P.032,"39,936",948,"52,524",77.84%
Kedah,KOTA DARUL AMAN,DUN,N.13,"16,770",229,"21,835",77.85%
Sabah,LUYANG,DUN,N.16,"16,873",112,"21,815",77.86%
Sarawak,SARIKEI,PARLIMEN,P.208,"30,476",340,"39,561",77.89%
Perak,IPOH TIMOR,PARLIMEN,P.064,"70,241","1,023","91,486",77.90%
Perak,PENGKALAN BAHARU,DUN,N.36,"13,781",302,"18,076",77.91%
Perak,JALONG,DUN,N.22,"22,674",400,"29,613",77.92%
Johor,ENDAU,DUN,N.32,"14,881",343,"19,538",77.92%
Perak,POKOK ASSAM,DUN,N.17,"21,876",418,"28,590",77.98%
Perak,PASIR PINJI,DUN,N.27,"25,708",200,"33,219",77.99%
Kelantan,KELABORAN,DUN,N.02,"21,885",349,"28,498",78.02%
Sabah,SEPANGGAR,PARLIMEN,P.171,"47,785",913,"62,415",78.02%
Selangor,BUKIT GASING,DUN,N.34,"33,787",187,"43,539",78.03%
Perak,BATU GAJAH,PARLIMEN,P.066,"62,787",733,"81,399",78.04%
Sabah,MELALAP,DUN,N.35,"10,702",222,"13,996",78.05%
Kelantan,PASIR TUMBOH,DUN,N.18,"20,278",221,"26,257",78.07%
Perak,TAIPING,PARLIMEN,P.060,"69,743","1,092","90,729",78.07%
Kelantan,KIJANG,DUN,N.05,"17,107",222,"22,173",78.15%
Perak,IPOH BARAT,PARLIMEN,P.065,"65,502",878,"84,874",78.21%
Kelantan,KUBANG KERIAN,PARLIMEN,P.024,"63,428",735,"82,018",78.23%
Sabah,BINGKOR,DUN,N.33,"13,713",190,"17,761",78.28%
Perak,PANGKOR,DUN,N.52,"18,768",628,"24,755",78.35%
Perak,TAPAH,PARLIMEN,P.072,"36,174",760,"47,128",78.37%
Sarawak,KOTA SAMARAHAN,PARLIMEN,P.197,"35,867",431,"46,300",78.40%
Perak,BUNTONG,DUN,N.30,"21,500",371,"27,894",78.41%
Perlis,BESERI,DUN,N.02,"6,865",128,"8,914",78.45%
Sabah,TENOM,PARLIMEN,P.181,"22,238",661,"29,182",78.47%
Pahang,CAMERON HIGHLANDS,PARLIMEN,P.078,"24,365",790,"32,048",78.49%
Kelantan,LIMBONGAN,DUN,N.30,"19,909",218,"25,629",78.53%
Sabah,KUAMUT,DUN,N.47,"13,630",408,"17,875",78.53%
Perak,PENGKALAN HULU,DUN,N.01,"11,768",307,"15,369",78.57%
Perak,KOTA TAMPAN,DUN,N.04,"9,898",150,"12,787",78.58%
Perak,TEJA,DUN,N.46,"18,730",321,"24,234",78.61%
Johor,BEKOK,DUN,N.06,"16,953",324,"21,958",78.68%
Pahang,CHINI,DUN,N.23,"16,497",232,"21,251",78.72%
Pahang,KUALA SENTUL,DUN,N.25,"10,342",178,"13,360",78.74%
Pahang,CHEKA,DUN,N.04,"9,678",232,"12,585",78.74%
Perak,MENGLEMBU,DUN,N.32,"23,212",222,"29,743",78.79%
Sabah,LIAWAN,DUN,N.34,"13,377",154,"17,161",78.85%
Sabah,KEMABONG,DUN,N.36,"11,567",410,"15,186",78.87%
Sarawak,STAMPIN,PARLIMEN,P.196,"51,899",408,"66,240",78.97%
Perlis,TITI TINGGI,DUN,N.01,"7,805",182,"10,111",78.99%
Kelantan,GALAS,DUN,N.45,"15,797",317,"20,399",78.99%
Kelantan,PANCHOR,DUN,N.07,"22,300",224,"28,509",79.01%
Johor,TANJUNG SURAT,DUN,N.39,"14,706",303,"18,989",79.04%
Perak,RUNGKUP,DUN,N.53,"12,419",281,"16,067",79.04%
Perak,SUNGAI SIPUT,PARLIMEN,P.062,"42,726",814,"55,002",79.16%
Perak,SUNGKAI,DUN,N.57,"13,274",286,"17,128",79.17%
Perak,KAMUNTING,DUN,N.16,"23,292",471,"30,000",79.21%
Johor,MERSING,PARLIMEN,P.154,"37,368",796,"48,176",79.22%
Kelantan,TUMPAT,PARLIMEN,P.019,"86,585","1,402","110,924",79.32%
Sabah,INANAM,DUN,N.13,"21,871",316,"27,964",79.34%
Sabah,PENSIANGAN,PARLIMEN,P.182,"24,368",528,"31,377",79.34%
Perak,LENGGONG,PARLIMEN,P.055,"23,205",405,"29,752",79.36%
Kelantan,TENDONG,DUN,N.11,"18,490",487,"23,906",79.38%
Kelantan,KUALA KRAI,PARLIMEN,P.031,"54,987",861,"70,348",79.39%
Perlis,KUALA PERLIS,DUN,N.09,"8,318",144,"10,654",79.43%
Kelantan,SALOR,DUN,N.17,"21,363",215,"27,164",79.44%
Sabah,KENINGAU,PARLIMEN,P.180,"40,149",522,"51,177",79.47%
Sabah,PETAGAS,DUN,N.18,"13,604",294,"17,483",79.49%
Johor,STULANG,DUN,N.45,"35,534",678,"45,551",79.50%
Perak,BAGAN DATUK,PARLIMEN,P.075,"36,806",814,"47,309",79.52%
Sabah,SIPITANG,PARLIMEN,P.178,"24,771",596,"31,882",79.57%
Negeri Sembilan,JERAM PADANG,DUN,N.07,"9,429",391,"12,337",79.60%
Pahang,BEBAR,DUN,N.22,"11,592",329,"14,968",79.64%
Selangor,KAMPUNG TUNKU,DUN,N.35,"38,510",204,"48,601",79.66%
Kelantan,JELAWAT,DUN,N.22,"23,856",419,"30,453",79.71%
Kelantan,PENGKALAN CHEPA,PARLIMEN,P.020,"59,387",739,"75,384",79.76%
Perak,HUTAN MELINTANG,DUN,N.54,"24,331",593,"31,242",79.78%
Pahang,LEPAR,DUN,N.18,"13,790",238,"17,582",79.79%
Negeri Sembilan,BAGAN PINANG,DUN,N.31,"12,357",267,"15,821",79.79%
Kelantan,BUKIT BUNGA,DUN,N.36,"13,714",144,"17,352",79.86%
Perak,AYER KUNING,DUN,N.48,"19,188",409,"24,537",79.87%
Negeri Sembilan,GEMAS,DUN,N.34,"17,546",283,"22,318",79.89%
Pahang,PULAU TAWAR,DUN,N.11,"18,278",295,"23,248",79.89%
Negeri Sembilan,GEMENCHEH,DUN,N.35,"14,697",249,"18,705",79.90%
Pahang,SUNGAI LEMBING,DUN,N.17,"11,591",181,"14,729",79.92%
Perak,KENERING,DUN,N.03,"13,322",241,"16,965",79.95%
Perak,BERCHAM,DUN,N.28,"28,585",292,"36,116",79.96%
Perlis,INDERA KAYANGAN,DUN,N.08,"8,704",114,"11,018",80.03%
Pulau Pinang,SERI DELIMA,DUN,N.32,"20,054",141,"25,232",80.04%
Pahang,TRAS,DUN,N.07,"22,873",276,"28,912",80.07%
Pulau Pinang,KOMTAR,DUN,N.28,"11,948",98,"15,041",80.09%
Kedah,DERGA,DUN,N.11,"22,115",192,"27,849",80.10%
Johor,TENGGAROH,DUN,N.33,"22,396",550,"28,638",80.12%
Kelantan,BUKIT PANAU,DUN,N.26,"27,684",487,"35,135",80.18%
Pulau Pinang,BUKIT BENDERA,PARLIMEN,P.048,"59,706",512,"75,069",80.22%
Perak,TEBING TINGGI,DUN,N.26,"20,672",231,"26,052",80.24%
Perak,JELAPANG,DUN,N.31,"19,637",206,"24,729",80.24%
Johor,JOHOR BAHRU,PARLIMEN,P.160,"80,322","1,056","101,409",80.25%
Sabah,KIULU,DUN,N.11,"10,229",175,"12,953",80.32%
Negeri Sembilan,PERTANG,DUN,N.02,"8,179",176,"10,400",80.34%
Sabah,KARANAAN,DUN,N.30,"10,705",155,"13,517",80.34%
Perak,KUBU GAJAH,DUN,N.06,"13,063",293,"16,615",80.39%
Pahang,DAMAK,DUN,N.10,"19,827",402,"25,164",80.39%
Pulau Pinang,TANJONG BUNGA,DUN,N.22,"17,343",163,"21,768",80.42%
Perak,TUALANG SEKAH,DUN,N.43,"19,597",449,"24,913",80.46%
Pahang,JERANTUT,PARLIMEN,P.081,"50,249",941,"63,609",80.48%
Kedah,KUAH,DUN,N.02,"16,871",353,"21,400",80.49%
Pahang,TERUNTUM,DUN,N.14,"19,768",163,"24,746",80.54%
Johor,LABIS,PARLIMEN,P.142,"32,030",485,"40,356",80.57%
Kedah,SUKA MENANTI,DUN,N.12,"24,931",303,"31,305",80.61%
Kelantan,PASIR PEKAN,DUN,N.03,"22,384",247,"28,075",80.61%
Kedah,KUBANG ROTAN,DUN,N.16,"28,776",449,"36,253",80.61%
Perak,LINTANG,DUN,N.21,"20,088",383,"25,389",80.63%
Kelantan,MENGKEBANG,DUN,N.39,"16,068",240,"20,218",80.66%
Negeri Sembilan,SUNGAI LUI,DUN,N.03,"12,460",236,"15,739",80.67%
Terengganu,BANDAR,DUN,N.14,"16,171",181,"20,268",80.68%
Perak,SUNGAI MANIK,DUN,N.49,"20,831",396,"26,310",80.68%
Perak,HULU KINTA,DUN,N.24,"39,461",859,"49,946",80.73%
Kedah,ALOR SETAR,PARLIMEN,P.009,"63,931",881,"80,272",80.74%
Perak,GOPENG,PARLIMEN,P.071,"79,233",853,"99,167",80.76%
Perak,ALOR PONGSU,DUN,N.10,"16,545",336,"20,901",80.77%
Kelantan,TANAH MERAH,PARLIMEN,P.027,"58,122",986,"73,172",80.78%
Kelantan,SELISING,DUN,N.29,"16,968",281,"21,348",80.80%
Negeri Sembilan,RAHANG,DUN,N.22,"13,542",264,"17,084",80.81%
Pulau Pinang,TANJONG,PARLIMEN,P.049,"39,727",347,"49,586",80.82%
Negeri Sembilan,JEMPOL,PARLIMEN,P.127,"57,274","1,025","72,122",80.83%
Sabah,TAMPARULI,DUN,N.09,"14,998",228,"18,836",80.83%
Perak,TANJONG MALIM,PARLIMEN,P.077,"54,297","1,051","68,468",80.84%
Kelantan,KEMAHANG,DUN,N.28,"14,336",206,"17,989",80.84%
Johor,LARKIN,DUN,N.44,"44,667",495,"55,858",80.85%
Perak,BELANJA,DUN,N.39,"11,900",187,"14,946",80.87%
Kelantan,PASIR PUTEH,PARLIMEN,P.028,"68,150",923,"85,411",80.87%
Sabah,SOOK,DUN,N.37,"15,114",350,"19,121",80.87%
Perlis,PADANG BESAR,PARLIMEN,P.001,"36,500",780,"46,096",80.87%
Kelantan,DABONG,DUN,N.42,"9,394",190,"11,848",80.89%
Pahang,LIPIS,PARLIMEN,P.079,"28,092",462,"35,294",80.90%
Pahang,MARAN,PARLIMEN,P.086,"32,725",482,"41,036",80.92%
Pahang,LUIT,DUN,N.24,"9,786",157,"12,284",80.94%
Kedah,GURUN,DUN,N.22,"22,681",414,"28,530",80.95%
Perak,SLIM,DUN,N.58,"18,574",350,"23,377",80.95%
Pahang,PEKAN,PARLIMEN,P.085,"70,614","1,393","88,899",81.00%
Perak,SELINSING,DUN,N.12,"14,253",232,"17,882",81.00%
Negeri Sembilan,PALONG,DUN,N.06,"14,475",246,"18,170",81.02%
Kelantan,KEMUNING,DUN,N.35,"21,066",315,"26,389",81.02%
Johor,PENGERANG,PARLIMEN,P.157,"32,241",557,"40,479",81.02%
Pulau Pinang,PERAI,DUN,N.16,"13,634",168,"17,032",81.04%
Pahang,RAUB,PARLIMEN,P.080,"46,025",766,"57,723",81.06%
Pahang,BATU TALAM,DUN,N.06,"11,965",347,"15,188",81.06%
Pahang,JENDERAK,DUN,N.27,"8,335",234,"10,569",81.08%
Negeri Sembilan,SERTING,DUN,N.05,"17,633",324,"22,146",81.08%
Perak,TRONG,DUN,N.15,"10,926",209,"13,731",81.09%
Perak,SIMPANG PULAI,DUN,N.45,"34,690",228,"43,055",81.10%
Perak,PASIR SALAK,PARLIMEN,P.073,"43,445",895,"54,671",81.10%
Negeri Sembilan,BAHAU,DUN,N.08,"15,591",200,"19,469",81.11%
Kelantan,BACHOK,PARLIMEN,P.025,"73,964","1,148","92,606",81.11%
Melaka,BANDAR HILIR,DUN,N.22,"16,904",122,"20,990",81.11%
Wilayah Persekutuan (KL),CHERAS,PARLIMEN,P.123,"63,677",275,"78,819",81.14%
Perak,BAGAN SERAI,PARLIMEN,P.058,"47,255",865,"59,293",81.16%
Negeri Sembilan,TAMPIN,PARLIMEN,P.133,"48,466",850,"60,765",81.16%
Pahang,PAYA BESAR,PARLIMEN,P.084,"44,100",671,"55,135",81.20%
Pulau Pinang,AIR ITAM,DUN,N.33,"15,783",151,"19,622",81.20%
Pahang,BENTA,DUN,N.05,"6,921",105,"8,652",81.21%
Sabah,KADAMAIAN,DUN,N.07,"14,355",251,"17,982",81.23%
Pahang,TIOMAN,DUN,N.42,"15,131",229,"18,906",81.24%
Pahang,LANCHANG,DUN,N.31,"18,839",428,"23,706",81.27%
Perlis,KANGAR,PARLIMEN,P.002,"44,680",806,"55,938",81.32%
Pulau Pinang,PANTAI JEREJAK,DUN,N.36,"19,079",150,"23,646",81.32%
Pulau Pinang,KEBUN BUNGA,DUN,N.24,"17,215",165,"21,369",81.33%
Pahang,MUADZAM SHAH,DUN,N.41,"16,103",338,"20,206",81.37%
Pahang,JELAI,DUN,N.02,"9,736",471,"12,543",81.38%
Kelantan,PANTAI IRAMA,DUN,N.21,"24,620",383,"30,719",81.39%
Sabah,TAMBUNAN,DUN,N.32,"13,118",118,"16,255",81.43%
Perak,PASIR BEDAMAR,DUN,N.55,"25,379",226,"31,439",81.44%
Kedah,KOTA SIPUTEH,DUN,N.03,"18,858",319,"23,544",81.45%
Pahang,TAHAN,DUN,N.09,"12,152",227,"15,197",81.46%
Pahang,TRIANG,DUN,N.38,"15,990",369,"20,083",81.46%
Pulau Pinang,DATOK KERAMAT,DUN,N.29,"18,221",216,"22,630",81.47%
Perak,LUMUT,PARLIMEN,P.074,"53,645","1,081","67,157",81.49%
Kelantan,MANEK URAI,DUN,N.41,"14,175",267,"17,722",81.49%
Negeri Sembilan,JELEBU,PARLIMEN,P.126,"38,957",586,"48,522",81.49%
Perak,KAMPONG GAJAH,DUN,N.50,"22,568",547,"28,361",81.50%
Pulau Pinang,BAGAN DALAM,DUN,N.09,"14,751",164,"18,291",81.54%
Sabah,KAPAYAN,DUN,N.19,"27,184",276,"33,675",81.54%
Kedah,BUKIT SELAMBAU,DUN,N.25,"38,960",488,"48,367",81.56%
Perlis,CHUPING,DUN,N.03,"8,378",221,"10,542",81.57%
Perak,LARUT,PARLIMEN,P.056,"39,620",722,"49,453",81.58%
Perak,TAMBUN,PARLIMEN,P.063,"86,950",960,"107,763",81.58%
Melaka,GADEK,DUN,N.07,"10,342",200,"12,922",81.58%
Negeri Sembilan,PILAH,DUN,N.18,"10,893",194,"13,589",81.59%
Pulau Pinang,AIR PUTIH,DUN,N.23,"10,936",88,"13,509",81.60%
Pahang,PULAU MANIS,DUN,N.20,"16,331",309,"20,389",81.61%
Sabah,KOTA BELUD,PARLIMEN,P.169,"46,098","1,173","57,919",81.62%
Kelantan,MACHANG,PARLIMEN,P.029,"55,023",801,"68,387",81.63%
Perlis,SENA,DUN,N.07,"9,928",116,"12,303",81.64%
Wilayah Persekutuan (KL),SEPUTEH,PARLIMEN,P.122,"70,129",294,"86,256",81.64%
Johor,LAYANG-LAYANG,DUN,N.27,"15,873",336,"19,842",81.69%
Sabah,TEMPASUK,DUN,N.06,"15,235",392,"19,129",81.69%
Kelantan,GUAL IPOH,DUN,N.27,"16,102",280,"20,048",81.71%
Pahang,GUAI,DUN,N.37,"15,546",269,"19,353",81.72%
Perak,GUNONG SEMANGGOL,DUN,N.11,"16,505",258,"20,510",81.73%
Pahang,ROMPIN,PARLIMEN,P.091,"49,737",917,"61,918",81.81%
Perak,BEHRANG,DUN,N.59,"22,465",412,"27,963",81.81%
Perak,TELUK INTAN,PARLIMEN,P.076,"53,655",742,"66,487",81.82%
Terengganu,JERTIH,DUN,N.03,"18,499",226,"22,880",81.84%
Kelantan,PULAI CHONDONG,DUN,N.33,"17,489",226,"21,644",81.85%
Sabah,USUKAN,DUN,N.08,"16,676",356,"20,808",81.85%
Perak,BATU KURAU,DUN,N.07,"13,121",269,"16,355",81.87%
Pahang,BERA,PARLIMEN,P.090,"47,305",767,"58,711",81.88%
Perak,PARIT,PARLIMEN,P.069,"28,990",425,"35,910",81.91%
Sabah,PENAMPANG,PARLIMEN,P.174,"43,108",417,"53,131",81.92%
Kedah,SIDAM,DUN,N.29,"29,859",291,"36,776",81.98%
Kelantan,TEMANGAN,DUN,N.34,"16,439",248,"20,354",81.98%
Sabah,TUARAN,PARLIMEN,P.170,"43,643",958,"54,400",81.99%
Perak,CHENDEROH,DUN,N.19,"11,666",158,"14,420",82.00%
Pahang,PELANGAI,DUN,N.36,"10,325",158,"12,781",82.02%
Perak,SUNGAI RAPAT,DUN,N.44,"25,863",284,"31,878",82.02%
Johor,PALOH,DUN,N.30,"17,194",366,"21,399",82.06%
Kelantan,GAAL,DUN,N.32,"14,386",177,"17,744",82.07%
Kelantan,CHEMPAKA,DUN,N.06,"20,042",232,"24,702",82.07%
Perak,CHANGKAT JONG,DUN,N.56,"28,199",578,"35,048",82.11%
Kedah,KUALA KEDAH,PARLIMEN,P.010,"79,167","1,111","97,753",82.12%
Kelantan,MELOR,DUN,N.23,"17,115",335,"21,240",82.16%
Negeri Sembilan,LINGGI,DUN,N.32,"12,513",298,"15,588",82.19%
Kelantan,TAWANG,DUN,N.20,"25,399",450,"31,434",82.23%
Kelantan,KADOK,DUN,N.24,"13,432",205,"16,583",82.23%
Melaka,TABOH NANING,DUN,N.05,"7,029",161,"8,743",82.24%
Kedah,BAKAR ARANG,DUN,N.28,"31,681",391,"38,991",82.25%
Kedah,LANGKAWI,PARLIMEN,P.004,"34,527",604,"42,697",82.28%
Negeri Sembilan,SENALING,DUN,N.17,"6,538",107,"8,076",82.28%
Kedah,BUKIT KAYU HITAM,DUN,N.05,"26,429",414,"32,614",82.31%
Sabah,LUMADAN,DUN,N.27,"12,068",286,"15,009",82.31%
Wilayah Persekutuan (KL),TITIWANGSA,PARLIMEN,P.119,"50,386",323,"61,598",82.32%
Negeri Sembilan,KUALA PILAH,PARLIMEN,P.129,"40,237",769,"49,801",82.34%
Perak,MANONG,DUN,N.35,"15,967",207,"19,643",82.34%
Pahang,KUALA KRAU,PARLIMEN,P.087,"38,311",613,"47,264",82.35%
Pahang,JENGKA,DUN,N.29,"20,131",230,"24,721",82.36%
Negeri Sembilan,JOHOL,DUN,N.19,"7,918",230,"9,891",82.38%
Negeri Sembilan,TEMIANG,DUN,N.12,"9,094",120,"11,184",82.39%
Melaka,ASAHAN,DUN,N.10,"12,974",218,"16,011",82.39%
Negeri Sembilan,KLAWANG,DUN,N.04,"8,360",97,"10,264",82.39%
Kedah,POKOK SENA,PARLIMEN,P.008,"70,750",869,"86,892",82.42%
Pahang,KEMAYAN,DUN,N.39,"15,507",387,"19,275",82.46%
Johor,KEMPAS,DUN,N.47,"35,417",350,"43,373",82.46%
Pahang,TEMERLOH,PARLIMEN,P.088,"61,050",865,"75,081",82.46%
Pahang,SABAI,DUN,N.35,"9,706",166,"11,971",82.47%
Perak,BUKIT GANTANG,PARLIMEN,P.059,"56,863",761,"69,873",82.47%
Perak,SELAMA,DUN,N.05,"13,361",235,"16,483",82.48%
Negeri Sembilan,LOBAK,DUN,N.11,"15,604",152,"19,101",82.49%
Selangor,PETALING JAYA,PARLIMEN,P.105,"115,279",968,"140,920",82.49%
Kelantan,JELI,PARLIMEN,P.030,"38,761",400,"47,470",82.50%
Kedah,JERLUN,PARLIMEN,P.005,"43,937",723,"54,132",82.50%
Terengganu,SURA,DUN,N.27,"20,224",206,"24,761",82.51%
Kedah,MERBOK,PARLIMEN,P.014,"71,350","1,108","87,782",82.54%
Perlis,SIMPANG EMPAT,DUN,N.14,"6,934",121,"8,547",82.54%
Perlis,BINTONG,DUN,N.06,"9,820",198,"12,136",82.55%
Perak,PADANG RENGAS,PARLIMEN,P.061,"25,281",315,"30,996",82.58%
Kelantan,KETEREH,PARLIMEN,P.026,"53,107",781,"65,238",82.60%
Pahang,PADANG TENGKU,DUN,N.03,"11,441",173,"14,057",82.62%
Sabah,MOYOG,DUN,N.20,"15,875",202,"19,456",82.63%
Pahang,MENTAKAB,DUN,N.30,"20,769",250,"25,431",82.65%
Perak,BOTA,DUN,N.40,"17,070",258,"20,964",82.66%
Melaka,PANTAI KUNDOR,DUN,N.12,"12,710",256,"15,686",82.66%
Negeri Sembilan,SRI TANJUNG,DUN,N.33,"11,763",159,"14,422",82.67%
Pahang,BUKIT IBAM,DUN,N.40,"18,544",310,"22,806",82.67%
Johor,PULAI,PARLIMEN,P.161,"86,893",966,"106,268",82.68%
Kedah,PENGKALAN KUNDOR,DUN,N.17,"27,190",324,"33,277",82.68%
Kedah,KUBANG PASU,PARLIMEN,P.006,"60,334",770,"73,881",82.71%
Perak,KUALA KANGSAR,PARLIMEN,P.067,"30,056",511,"36,954",82.72%
Selangor,SABAK,DUN,N.02,"20,015",327,"24,589",82.73%
Perlis,PAUH,DUN,N.11,"9,070",196,"11,200",82.73%
Johor,PENAWAR,DUN,N.38,"17,526",255,"21,490",82.74%
Perlis,KAYANG,DUN,N.10,"7,970",163,"9,827",82.76%
Terengganu,KOTA PUTERA,DUN,N.02,"19,731",283,"24,182",82.76%
Perak,CHANGKAT JERING,DUN,N.14,"21,973",250,"26,848",82.77%
Kedah,KULIM,DUN,N.35,"31,459",469,"38,572",82.78%
Johor,PERLING,DUN,N.46,"51,541",524,"62,895",82.78%
Pahang,PERAMU JAYA,DUN,N.21,"26,328",403,"32,291",82.78%
Negeri Sembilan,PORT DICKSON,PARLIMEN,P.132,"61,334",948,"75,212",82.81%
Melaka,AYER LIMAU,DUN,N.03,"9,116",168,"11,211",82.81%
Kelantan,SEMERAK,DUN,N.31,"16,874",260,"20,690",82.81%
Kedah,GUAR CHEMPEDAK,DUN,N.21,"18,463",292,"22,646",82.82%
Pulau Pinang,BATU UBAN,DUN,N.35,"26,209",235,"31,924",82.83%
Negeri Sembilan,JUASSEH,DUN,N.15,"8,224",135,"10,091",82.84%
Johor,TENANG,DUN,N.05,"15,014",227,"18,398",82.84%
Perlis,MATA AYER,DUN,N.04,"6,164",146,"7,617",82.84%
Perlis,SANTAN,DUN,N.05,"7,281",102,"8,912",82.84%
Pahang,CHENOR,DUN,N.26,"12,553",199,"15,392",82.85%
Pahang,KUANTAN,PARLIMEN,P.083,"51,170",798,"62,696",82.89%
Negeri Sembilan,KOTA,DUN,N.28,"11,076",169,"13,564",82.90%
Perak,KUALA SEPETANG,DUN,N.13,"23,953",334,"29,294",82.91%
Negeri Sembilan,CHENNAH,DUN,N.01,"9,882",166,"12,119",82.91%
Perak,MANJOI,DUN,N.23,"47,402",539,"57,817",82.92%
Terengganu,BESUT,PARLIMEN,P.033,"70,935",903,"86,627",82.93%
Wilayah Persekutuan (KL),BATU,PARLIMEN,P.115,"62,805",498,"76,328",82.94%
Kedah,KULIM-BANDAR BAHARU,PARLIMEN,P.018,"54,343",894,"66,587",82.95%
Pahang,BENTONG,PARLIMEN,P.089,"55,106",783,"67,359",82.97%
Pahang,PANCHING,DUN,N.19,"18,683",255,"22,824",82.97%
Kedah,SUNGAI PETANI,PARLIMEN,P.015,"92,534",889,"112,577",82.99%
Selangor,SABAK BERNAM,PARLIMEN,P.092,"33,350",565,"40,863",83.00%
Kedah,JITRA,DUN,N.06,"33,919",333,"41,267",83.00%
Pahang,DONG,DUN,N.08,"11,098",210,"13,623",83.01%
Johor,SEMBRONG,PARLIMEN,P.153,"36,044",598,"44,137",83.02%
Johor,BULOH KASAP,DUN,N.01,"17,495",341,"21,484",83.02%
Perak,LUBOK MERBAU,DUN,N.20,"13,586",181,"16,576",83.05%
Pahang,KETARI,DUN,N.34,"19,296",236,"23,506",83.09%
Negeri Sembilan,SERI MENANTI,DUN,N.16,"6,664",113,"8,154",83.11%
Perak,BUKIT CHANDAN,DUN,N.34,"14,137",253,"17,311",83.13%
Melaka,KOTA LAKSAMANA,DUN,N.20,"24,706",201,"29,952",83.16%
Kedah,BANDAR BAHARU,DUN,N.36,"22,897",406,"28,015",83.18%
Sabah,KAWANG,DUN,N.21,"18,896",322,"23,102",83.19%
Johor,SIMPANG RENGGAM,PARLIMEN,P.151,"35,822",779,"43,998",83.19%
Johor,SEGAMAT,PARLIMEN,P.140,"45,320",726,"55,350",83.19%
Wilayah Persekutuan (KL),LEMBAH PANTAI,PARLIMEN,P.121,"66,305",538,"80,346",83.19%
Johor,BENTAYAN,DUN,N.12,"22,927",253,"27,856",83.21%
Kelantan,KOK LANAS,DUN,N.25,"22,499",318,"27,415",83.23%
Pulau Pinang,BUKIT GELUGOR,PARLIMEN,P.051,"75,705",528,"91,595",83.23%
Perak,PASIR PANJANG,DUN,N.51,"34,822",470,"42,402",83.23%
Perlis,GUAR SANJI,DUN,N.13,"7,582",103,"9,233",83.23%
Kedah,LUNAS,DUN,N.34,"41,484",418,"50,336",83.24%
Negeri Sembilan,RASAH,PARLIMEN,P.130,"85,307",303,"102,838",83.25%
Melaka,SUNGAI UDANG,DUN,N.11,"17,917",667,"22,323",83.25%
Pahang,BESERAH,DUN,N.12,"31,905",331,"38,721",83.25%
Selangor,BANDAR UTAMA,DUN,N.36,"42,721",165,"51,504",83.27%
Kedah,ALOR MENGKUDU,DUN,N.14,"22,238",357,"27,132",83.28%
Pulau Pinang,BAYAN BARU,PARLIMEN,P.052,"74,849",762,"90,780",83.29%
Perak,KUALA KURAU,DUN,N.09,"20,664",273,"25,134",83.30%
Johor,JEMENTAH,DUN,N.02,"27,657",557,"33,866",83.31%
Terengganu,CUKAI,DUN,N.31,"25,079",228,"30,374",83.32%
Pahang,INDERA MAHKOTA,PARLIMEN,P.082,"63,721",622,"77,208",83.34%
Pahang,KUALA SEMANTAN,DUN,N.32,"21,381",246,"25,944",83.36%
Sabah,KLIAS,DUN,N.25,"13,735",393,"16,948",83.36%
Johor,JOHOR LAMA,DUN,N.37,"20,690",336,"25,221",83.37%
Selangor,SELAT KLANG,DUN,N.44,"34,082",412,"41,376",83.37%
Kedah,ANAK BUKIT,DUN,N.15,"23,241",297,"28,223",83.40%
Wilayah Persekutuan (KL),SEGAMBUT,PARLIMEN,P.117,"64,727",289,"77,956",83.40%
Kelantan,WAKAF BHARU,DUN,N.04,"22,186",297,"26,956",83.41%
Pahang,SEMAMBU,DUN,N.13,"31,794",307,"38,487",83.41%
Kedah,AYER HITAM,DUN,N.04,"25,141",372,"30,588",83.41%
Perak,PARIT BUNTAR,PARLIMEN,P.057,"42,720",536,"51,860",83.41%
Selangor,SUNGAI AIR TAWAR,DUN,N.01,"13,355",220,"16,274",83.42%
Terengganu,HULU BESUT,DUN,N.04,"15,481",209,"18,803",83.44%
Kedah,JERAI,PARLIMEN,P.012,"65,736","1,012","79,976",83.46%
Selangor,DAMANSARA,PARLIMEN,P.106,"136,280",867,"164,322",83.46%
Sabah,PAPAR,PARLIMEN,P.175,"35,836",543,"43,586",83.46%
Kedah,BUKIT PINANG,DUN,N.10,"23,941",300,"29,041",83.47%
Johor,BUKIT KEPONG,DUN,N.07,"23,818",383,"28,992",83.47%
Perak,TITI SERONG,DUN,N.08,"22,053",265,"26,726",83.51%
Melaka,MASJID TANAH,PARLIMEN,P.134,"42,325",636,"51,441",83.52%
Johor,MAHARANI,DUN,N.15,"23,005",299,"27,900",83.53%
Johor,KOTA TINGGI,PARLIMEN,P.156,"38,193",802,"46,677",83.54%
Johor,PULAI SEBATANG,DUN,N.54,"28,594",376,"34,676",83.54%
Johor,BENUT,DUN,N.53,"17,103",358,"20,894",83.57%
Pahang,TANJUNG LUMPUR,DUN,N.15,"20,679",316,"25,120",83.58%
Melaka,LENDU,DUN,N.04,"8,568",83,"10,350",83.58%
Kedah,PADANG SERAI,PARLIMEN,P.017,"70,084",827,"84,834",83.59%
Melaka,ALOR GAJAH,PARLIMEN,P.135,"57,815","1,007","70,364",83.60%
Perlis,ARAU,PARLIMEN,P.003,"39,600",690,"48,187",83.61%
Johor,PONTIAN,PARLIMEN,P.164,"45,726",738,"55,570",83.61%
Kedah,BUKIT LADA,DUN,N.09,"24,642",446,"30,002",83.62%
Pulau Pinang,JELUTONG,PARLIMEN,P.050,"63,666",720,"76,991",83.63%
Pulau Pinang,BAGAN JERMAL,DUN,N.08,"21,242",185,"25,621",83.63%
Johor,MENGKIBOL,DUN,N.28,"39,892",560,"48,365",83.64%
Selangor,SUNGAI TUA,DUN,N.16,"28,316",277,"34,180",83.65%
Pahang,KERDAU,DUN,N.28,"9,874",148,"11,974",83.70%
Negeri Sembilan,REPAH,DUN,N.36,"16,335",189,"19,742",83.70%
Johor,RENGIT,DUN,N.25,"17,425",329,"21,206",83.72%
Kedah,TANJONG DAWAI,DUN,N.26,"32,357",645,"39,415",83.73%
Pahang,BILUT,DUN,N.33,"15,801",201,"19,101",83.78%
Johor,KAHANG,DUN,N.31,"18,675",375,"22,738",83.78%
Wilayah Persekutuan (KL),WANGSA MAJU,PARLIMEN,P.116,"73,608",525,"88,482",83.78%
Sabah,PANTAI MANIS,DUN,N.22,"16,937",227,"20,484",83.79%
Johor,SEDILI,DUN,N.36,"17,646",335,"21,456",83.80%
Terengganu,KUALA BESUT,DUN,N.01,"17,204",197,"20,762",83.81%
Terengganu,PERMAISURI,DUN,N.06,"19,653",333,"23,839",83.84%
Sabah,SULAMAN,DUN,N.10,"18,625",341,"22,611",83.88%
Terengganu,AJIL,DUN,N.24,"16,939",285,"20,532",83.89%
Selangor,BUKIT ANTARABANGSA,DUN,N.19,"38,789",268,"46,537",83.93%
Negeri Sembilan,LABU,DUN,N.20,"14,681",266,"17,808",83.93%
Selangor,HULU BERNAM,DUN,N.05,"18,862",323,"22,857",83.93%
Melaka,RIM,DUN,N.25,"11,328",164,"13,689",83.95%
Terengganu,BUKIT BESI,DUN,N.25,"11,981",189,"14,493",83.97%
Johor,SEMERAH,DUN,N.17,"29,454",405,"35,557",83.98%
Selangor,PANDAN INDAH,DUN,N.21,"40,959",250,"49,063",83.99%
Melaka,MACHAP JAYA,DUN,N.08,"10,539",145,"12,719",84.00%
Sabah,BEAUFORT,PARLIMEN,P.177,"27,212",799,"33,342",84.01%
Melaka,REMBIA,DUN,N.06,"12,932",204,"15,636",84.01%
Johor,MUAR,PARLIMEN,P.146,"42,083",636,"50,843",84.02%
Negeri Sembilan,SEREMBAN JAYA,DUN,N.24,"17,112",168,"20,565",84.03%
Johor,KLUANG,PARLIMEN,P.152,"80,531",921,"96,915",84.04%
Pulau Pinang,SUNGAI PINANG,DUN,N.30,"22,332",291,"26,917",84.05%
Melaka,TANJUNG BIDARA,DUN,N.02,"8,367",116,"10,092",84.06%
Negeri Sembilan,CHEMBONG,DUN,N.26,"15,019",213,"18,116",84.08%
Kedah,AYER HANGAT,DUN,N.01,"17,602",305,"21,297",84.08%
Selangor,AMPANG,PARLIMEN,P.099,"76,550",608,"91,737",84.11%
Kelantan,KUALA BALAH,DUN,N.38,"10,306",130,"12,407",84.11%
Melaka,KOTA MELAKA,PARLIMEN,P.138,"105,276","1,432","126,848",84.12%
Terengganu,LANGKAP,DUN,N.07,"15,151",243,"18,296",84.14%
Kedah,SUNGAI TIANG,DUN,N.19,"31,813",582,"38,501",84.14%
Kelantan,AIR LANAS,DUN,N.37,"14,735",173,"17,711",84.17%
Selangor,SERI SETIA,DUN,N.32,"43,908",411,"52,650",84.18%
Johor,PAGOH,PARLIMEN,P.143,"42,672",693,"51,512",84.18%
Kedah,MERBAU PULAS,DUN,N.33,"28,613",429,"34,498",84.18%
Johor,PEMANIS,DUN,N.03,"18,396",393,"22,314",84.20%
Johor,SEKIJANG,PARLIMEN,P.141,"37,837",558,"45,596",84.21%
Pulau Pinang,TELOK AYER TAWAR,DUN,N.06,"15,929",219,"19,172",84.23%
Johor,KEMELAH,DUN,N.04,"19,317",296,"23,282",84.24%
Johor,TENGGARA,PARLIMEN,P.155,"37,034",664,"44,749",84.24%
Johor,PASIR RAJA,DUN,N.35,"15,614",398,"18,998",84.28%
Johor,TIRAM,DUN,N.40,"50,414",735,"60,686",84.28%
Negeri Sembilan,SEREMBAN,PARLIMEN,P.128,"91,818","1,052","110,168",84.30%
Terengganu,DUNGUN,PARLIMEN,P.039,"75,414",886,"90,506",84.30%
Terengganu,KUALA TERENGGANU,PARLIMEN,P.036,"86,583",767,"103,611",84.31%
Johor,PANTI,DUN,N.34,"21,465",248,"25,751",84.32%
Selangor,LEMBAH JAYA,DUN,N.20,"37,769",359,"45,200",84.35%
Melaka,KELEBANG,DUN,N.14,"16,779",233,"20,166",84.36%
Perlis,TAMBUN TULANG,DUN,N.12,"8,740",148,"10,535",84.37%
Melaka,KUALA LINGGI,DUN,N.01,"9,193",126,"11,045",84.37%
Kedah,PENDANG,PARLIMEN,P.011,"62,246",952,"74,867",84.41%
Kedah,JENERI,DUN,N.24,"22,943",391,"27,641",84.42%
Terengganu,LADANG,DUN,N.15,"18,875",179,"22,570",84.42%
Johor,MAHKOTA,DUN,N.29,"40,438",550,"48,550",84.42%
Johor,MACHAP,DUN,N.26,"19,976",421,"24,156",84.44%
Wilayah Persekutuan (KL),BANDAR TUN RAZAK,PARLIMEN,P.124,"70,206",444,"83,650",84.46%
Johor,BATU PAHAT,PARLIMEN,P.150,"82,137","1,097","98,543",84.46%
Melaka,TANGGA BATU,PARLIMEN,P.136,"69,142","1,145","83,213",84.47%
Kedah,KUALA NERANG,DUN,N.07,"19,993",364,"24,094",84.49%
Johor,BAKRI,PARLIMEN,P.145,"61,800",631,"73,883",84.50%
Johor,PENGGARAM,DUN,N.23,"41,630",420,"49,750",84.52%
Pulau Pinang,PADANG LALANG,DUN,N.15,"23,419",224,"27,959",84.56%
Pulau Pinang,BAGAN,PARLIMEN,P.043,"60,087",463,"71,583",84.59%
Johor,SUNGAI BALANG,DUN,N.16,"19,016",392,"22,943",84.59%
Johor,YONG PENG,DUN,N.19,"20,768",300,"24,903",84.60%
Negeri Sembilan,LENGGENG,DUN,N.09,"15,538",236,"18,636",84.64%
Kedah,SIK,PARLIMEN,P.013,"41,928",729,"50,385",84.66%
Kedah,TOKAI,DUN,N.18,"30,465",332,"36,366",84.69%
Pulau Pinang,BATU KAWAN,PARLIMEN,P.046,"54,705",675,"65,394",84.69%
Johor,TEBRAU,PARLIMEN,P.158,"103,943",274,"123,033",84.71%
Selangor,TAMAN TEMPLER,DUN,N.15,"36,591",325,"43,570",84.73%
Selangor,KUALA KUBU BAHARU,DUN,N.06,"24,374",310,"29,133",84.73%
Negeri Sembilan,LUKUT,DUN,N.30,"14,493",167,"17,298",84.75%
Sabah,KUALA PENYU,DUN,N.26,"13,456",439,"16,394",84.76%
Terengganu,PAKA,DUN,N.28,"22,167",237,"26,433",84.76%
Kedah,BELANTEK,DUN,N.23,"19,002",276,"22,744",84.76%
Negeri Sembilan,REMBAU,PARLIMEN,P.131,"73,856","1,053","88,365",84.77%
Johor,KUKUP,DUN,N.56,"22,404",422,"26,920",84.79%
Negeri Sembilan,AMPANGAN,DUN,N.14,"13,225",166,"15,791",84.80%
Pulau Pinang,BERAPIT,DUN,N.13,"19,964",202,"23,779",84.81%
Pulau Pinang,BAYAN LEPAS,DUN,N.38,"22,260",275,"26,570",84.81%
Terengganu,JABI,DUN,N.05,"16,757",243,"20,041",84.83%
Wilayah Persekutuan (KL),SETIAWANGSA,PARLIMEN,P.118,"60,852",339,"72,136",84.83%
Selangor,TAMAN MEDAN,DUN,N.33,"37,574",390,"44,731",84.87%
Selangor,PELABUHAN KLANG,DUN,N.46,"28,305",393,"33,809",84.88%
Johor,PARIT SULONG,PARLIMEN,P.147,"49,769",832,"59,609",84.89%
Johor,SENGGARANG,DUN,N.24,"23,026",394,"27,587",84.90%
Terengganu,SETIU,PARLIMEN,P.034,"71,978","1,244","86,247",84.90%
Wilayah Persekutuan (KL),KEPONG,PARLIMEN,P.114,"61,404",323,"72,696",84.91%
Negeri Sembilan,BUKIT KEPAYANG,DUN,N.21,"22,412",196,"26,610",84.96%
Pulau Pinang,BATU LANCANG,DUN,N.31,"23,161",161,"27,444",84.98%
Pulau Pinang,TELOK BAHANG,DUN,N.40,"12,008",179,"14,339",84.99%
Selangor,GOMBAK,PARLIMEN,P.098,"119,042",933,"141,112",85.02%
Melaka,BEMBAN,DUN,N.24,"15,413",227,"18,393",85.03%
Johor,SKUDAI,DUN,N.48,"59,592",726,"70,928",85.04%
Negeri Sembilan,NILAI,DUN,N.10,"20,764",208,"24,657",85.05%
Pulau Pinang,BATU MAUNG,DUN,N.37,"29,596",352,"35,210",85.06%
Johor,SIMPANG JERAM,DUN,N.13,"23,757",235,"28,193",85.10%
Selangor,SUBANG JAYA,DUN,N.31,"62,664",332,"74,023",85.10%
Pulau Pinang,JAWI,DUN,N.19,"22,345",377,"26,699",85.10%
Kedah,PANTAI MERDEKA,DUN,N.27,"30,981",347,"36,810",85.11%
Johor,BUKIT PASIR,DUN,N.08,"17,787","1,382","22,520",85.12%
Negeri Sembilan,CHUAH,DUN,N.29,"10,121",165,"12,083",85.13%
Pulau Pinang,PENGKALAN KOTA,DUN,N.27,"16,921",166,"20,069",85.14%
Terengganu,KEMAMAN,PARLIMEN,P.040,"90,504","1,126","107,593",85.16%
Negeri Sembilan,MAMBAU,DUN,N.23,"17,534",156,"20,771",85.17%
Selangor,PANDAN,PARLIMEN,P.100,"85,774",517,"101,319",85.17%
Pulau Pinang,BUKIT MERTAJAM,PARLIMEN,P.045,"74,691","1,109","88,998",85.17%
Selangor,SELAYANG,PARLIMEN,P.097,"98,002",953,"116,176",85.18%
Selangor,PANDAMARAN,DUN,N.47,"48,700",303,"57,522",85.19%
Terengganu,BATU BURUK,DUN,N.16,"27,652",221,"32,714",85.20%
Selangor,RAWANG,DUN,N.14,"38,935",366,"46,125",85.21%
Negeri Sembilan,SIKAMAT,DUN,N.13,"17,597",136,"20,799",85.26%
Selangor,SEKINCHAN,DUN,N.04,"15,233",201,"18,101",85.27%
Melaka,TELOK MAS,DUN,N.23,"17,264",166,"20,441",85.27%
Perlis,SANGLANG,DUN,N.15,"7,279",116,"8,672",85.27%
Kedah,PADANG TERAP,PARLIMEN,P.007,"38,923",854,"46,644",85.28%
Pulau Pinang,BALIK PULAU,PARLIMEN,P.053,"49,776",631,"59,086",85.31%
Johor,AYER HITAM,PARLIMEN,P.148,"38,824",556,"46,157",85.32%
Johor,PERMAS,DUN,N.43,"53,134",699,"63,093",85.32%
Melaka,KESIDANG,DUN,N.19,"31,497",380,"37,355",85.34%
Melaka,JASIN,PARLIMEN,P.139,"61,761",912,"73,432",85.35%
Johor,SENAI,DUN,N.52,"37,646",483,"44,656",85.38%
Selangor,GOMBAK SETIA,DUN,N.17,"47,028",328,"55,461",85.39%
Terengganu,KEMASIK,DUN,N.29,"18,683",217,"22,132",85.40%
Selangor,HULU KELANG,DUN,N.18,"43,716",239,"51,471",85.40%
Johor,TANGKAK,DUN,N.10,"21,947",563,"26,354",85.41%
Melaka,SUNGAI RAMBAI,DUN,N.28,"9,912",168,"11,792",85.48%
Melaka,MERLIMAU,DUN,N.27,"11,658",149,"13,810",85.50%
Sabah,BONGAWAN,DUN,N.23,"13,656",228,"16,239",85.50%
Johor,BUKIT NANING,DUN,N.14,"15,049",206,"17,834",85.54%
Johor,TANJUNG PIAI,PARLIMEN,P.165,"44,948",841,"53,528",85.54%
Johor,SEROM,DUN,N.11,"23,932",359,"28,394",85.55%
Selangor,SUNGAI KANDIS,DUN,N.49,"43,165",305,"50,800",85.57%
Pulau Pinang,SEBERANG JAYA,DUN,N.10,"30,147",268,"35,541",85.58%
Kedah,BAYU,DUN,N.30,"32,813",552,"38,985",85.58%
Terengganu,AIR PUTIH,DUN,N.32,"27,419",407,"32,507",85.60%
Negeri Sembilan,PAROI,DUN,N.25,"30,734",273,"36,213",85.62%
Terengganu,WAKAF MEMPELAM,DUN,N.13,"23,803",227,"28,059",85.64%
Johor,PASIR GUDANG,PARLIMEN,P.159,"105,009","1,342","124,172",85.65%
Selangor,HULU SELANGOR,PARLIMEN,P.094,"85,221","1,310","100,990",85.68%
Kedah,KUALA KETIL,DUN,N.32,"28,519",444,"33,798",85.69%
Selangor,SUNGAI BESAR,PARLIMEN,P.093,"41,206",564,"48,739",85.70%
Kedah,BALING,PARLIMEN,P.016,"90,512","1,388","107,213",85.72%
Pulau Pinang,SUNGAI ACHEH,DUN,N.21,"16,939",221,"20,018",85.72%
Johor,ISKANDAR PUTERI,PARLIMEN,P.162,"116,588","1,987","138,299",85.74%
Pahang,INDERAPURA,DUN,N.16,"10,777",225,"12,830",85.75%
Pulau Pinang,PAYA TERUBONG,DUN,N.34,"39,862",235,"46,741",85.79%
Johor,LEDANG,PARLIMEN,P.144,"65,414","1,048","77,474",85.79%
Sabah,KIMANIS,PARLIMEN,P.176,"25,028",385,"29,618",85.80%
Johor,JOHOR JAYA,DUN,N.42,"51,724",699,"61,079",85.83%
Melaka,DUYONG,DUN,N.21,"15,389",155,"18,110",85.83%
Terengganu,RANTAU ABANG,DUN,N.26,"21,061",242,"24,819",85.83%
Selangor,KUANG,DUN,N.13,"22,546",187,"26,481",85.85%
Kedah,KUPANG,DUN,N.31,"29,121",437,"34,430",85.85%
Selangor,KLANG,PARLIMEN,P.110,"127,074","1,204","149,348",85.89%
Pulau Pinang,BUKIT TAMBUN,DUN,N.18,"22,154",253,"26,086",85.90%
Pulau Pinang,MACHANG BUBUK,DUN,N.14,"31,630",376,"37,260",85.90%
Pulau Pinang,NIBONG TEBAL,PARLIMEN,P.047,"62,179",860,"73,383",85.90%
Terengganu,TELEMUNG,DUN,N.21,"15,110",244,"17,868",85.93%
Melaka,PENGKALAN BATU,DUN,N.15,"17,928",274,"21,182",85.93%
Selangor,SUNGAI PANJANG,DUN,N.03,"25,975",362,"30,638",85.96%
Pulau Pinang,BUKIT TENGAH,DUN,N.17,"18,947",215,"22,276",86.02%
Terengganu,HULU TERENGGANU,PARLIMEN,P.038,"62,346",871,"73,487",86.02%
Melaka,DURIAN TUNGGAL,DUN,N.09,"11,054",202,"13,076",86.08%
Selangor,KAPAR,PARLIMEN,P.109,"106,093","1,497","124,983",86.08%
Kedah,PEDU,DUN,N.08,"18,930",485,"22,550",86.10%
Johor,PARIT RAJA,DUN,N.22,"21,566",380,"25,484",86.12%
Pulau Pinang,PENANTI,DUN,N.12,"18,289",176,"21,437",86.14%
Pulau Pinang,PERMATANG PAUH,PARLIMEN,P.044,"69,828",658,"81,789",86.18%
Johor,SRI GADING,PARLIMEN,P.149,"44,282",635,"52,119",86.18%
Sabah,MEMBAKUT,DUN,N.24,"11,351",182,"13,379",86.20%
Johor,SRI MEDAN,DUN,N.18,"20,372",363,"24,052",86.21%
Selangor,SUNGAI BURONG,DUN,N.08,"20,475",255,"24,045",86.21%
Johor,PARIT YAANI,DUN,N.21,"22,727",237,"26,635",86.22%
Johor,SEMARANG,DUN,N.20,"18,083",242,"21,254",86.22%
Selangor,TERATAI,DUN,N.22,"44,794",273,"52,256",86.24%
Johor,KULAI,PARLIMEN,P.163,"84,543",976,"99,147",86.25%
Selangor,SUBANG,PARLIMEN,P.104,"125,705",610,"146,422",86.27%
Pulau Pinang,PULAU BETONG,DUN,N.39,"15,463",220,"18,177",86.28%
Johor,PEKAN NANAS,DUN,N.55,"22,404",554,"26,608",86.28%
Selangor,MORIB,DUN,N.53,"27,212",352,"31,945",86.29%
Pulau Pinang,TASEK GELUGOR,PARLIMEN,P.042,"51,904",689,"60,850",86.43%
Terengganu,ALUR LIMBAT,DUN,N.17,"23,958",276,"28,038",86.43%
Kedah,SUNGAI LIMAU,DUN,N.20,"24,616",279,"28,800",86.44%
Johor,KOTA ISKANDAR,DUN,N.49,"57,333",920,"67,371",86.47%
Johor,GAMBIR,DUN,N.09,"19,278",383,"22,726",86.51%
Selangor,KOTA DAMANSARA,DUN,N.39,"43,245",391,"50,438",86.51%
Selangor,BUKIT LANJAN,DUN,N.37,"55,263",296,"64,217",86.52%
Selangor,DUSUN TUA,DUN,N.23,"41,999",490,"49,106",86.53%
Terengganu,BATU RAKIT,DUN,N.08,"20,593",237,"24,071",86.54%
Selangor,SERI SERDANG,DUN,N.29,"45,365",355,"52,826",86.55%
Johor,PUTERI WANGSA,DUN,N.41,"53,445",546,"62,347",86.60%
Selangor,KOTA RAJA,PARLIMEN,P.111,"128,126",966,"149,021",86.63%
Selangor,SUNGAI BULOH,PARLIMEN,P.107,"77,951",686,"90,707",86.69%
Melaka,HANG TUAH JAYA,PARLIMEN,P.137,"76,583",909,"89,364",86.72%
Terengganu,TEPUH,DUN,N.09,"19,849",194,"23,111",86.72%
Terengganu,KIJAL,DUN,N.30,"19,297",288,"22,580",86.74%
Melaka,AYER KEROH,DUN,N.16,"21,864",178,"25,407",86.76%
Terengganu,SEBERANG TAKIR,DUN,N.11,"17,735",148,"20,607",86.78%
Pulau Pinang,BERTAM,DUN,N.02,"15,739",211,"18,378",86.79%
Pulau Pinang,SUNGAI BAKAP,DUN,N.20,"22,795",353,"26,666",86.81%
Melaka,SERKAM,DUN,N.26,"13,488",191,"15,748",86.86%
Selangor,BUKIT MELAWATI,DUN,N.10,"22,666",418,"26,573",86.87%
Terengganu,KUALA BERANG,DUN,N.23,"15,313",199,"17,848",86.91%
Selangor,BATU TIGA,DUN,N.41,"47,453",379,"55,034",86.91%
Selangor,TANJONG KARANG,PARLIMEN,P.095,"40,498",531,"47,198",86.93%
Melaka,BUKIT KATIL,DUN,N.17,"21,530",266,"25,072",86.93%
Melaka,PAYA RUMPUT,DUN,N.13,"21,497",272,"25,038",86.94%
Selangor,SEMENTA,DUN,N.43,"38,180",536,"44,516",86.97%
Selangor,PAYA JARAS,DUN,N.38,"34,722",307,"40,269",86.99%
Terengganu,KUALA NERUS,PARLIMEN,P.035,"72,105",727,"83,663",87.05%
Selangor,BATANG KALI,DUN,N.07,"42,165",492,"49,000",87.06%
Johor,BUKIT PERMAI,DUN,N.50,"20,857",278,"24,275",87.06%
Pulau Pinang,PERMATANG PASIR,DUN,N.11,"21,414",191,"24,811",87.08%
Selangor,HULU LANGAT,PARLIMEN,P.101,"88,247",929,"102,363",87.12%
Terengganu,RU RENDANG,DUN,N.19,"22,403",249,"25,999",87.13%
Selangor,KUALA LANGAT,PARLIMEN,P.112,"88,097","1,131","102,406",87.13%
Selangor,KOTA KEMUNING,DUN,N.50,"40,515",247,"46,777",87.14%
Selangor,BANDAR BARU KLANG,DUN,N.45,"50,024",540,"58,017",87.15%
Selangor,SENTOSA,DUN,N.48,"44,508",344,"51,444",87.19%
Selangor,SUNGAI PELEK,DUN,N.56,"25,661",296,"29,770",87.19%
Johor,BUKIT BATU,DUN,N.51,"26,041",306,"30,216",87.20%
Terengganu,BUKIT TUNGGAL,DUN,N.12,"14,993",198,"17,417",87.22%
Selangor,IJOK,DUN,N.11,"19,732",396,"23,073",87.24%
Selangor,PUCHONG,PARLIMEN,P.103,"83,478",667,"96,437",87.25%
Pulau Pinang,PERMATANG BERANGAN,DUN,N.04,"18,139",296,"21,120",87.29%
Melaka,AYER MOLEK,DUN,N.18,"15,258",197,"17,703",87.30%
Selangor,BANTING,DUN,N.52,"26,704",386,"31,006",87.37%
Terengganu,MARANG,PARLIMEN,P.037,"90,682","1,028","104,898",87.43%
Selangor,KINRARA,DUN,N.30,"62,934",371,"72,399",87.44%
Pulau Pinang,SUNGAI PUYU,DUN,N.07,"24,072",137,"27,671",87.49%
Selangor,KUALA SELANGOR,PARLIMEN,P.096,"59,721",996,"69,397",87.49%
Selangor,SHAH ALAM,PARLIMEN,P.108,"93,243",664,"107,316",87.51%
Pulau Pinang,KEPALA BATAS,PARLIMEN,P.041,"52,302",715,"60,523",87.60%
Pulau Pinang,SUNGAI DUA,DUN,N.05,"17,809",207,"20,558",87.63%
Selangor,SIJANGKANG,DUN,N.51,"34,119",458,"39,455",87.64%
Selangor,PERMATANG,DUN,N.09,"20,004",288,"23,153",87.64%
Selangor,SEMENYIH,DUN,N.24,"46,151",546,"53,257",87.68%
Terengganu,BULUH GADING,DUN,N.10,"19,487",286,"22,528",87.77%
Selangor,DENGKIL,DUN,N.55,"43,832",465,"50,466",87.78%
Selangor,SEPANG,PARLIMEN,P.113,"90,657","1,083","104,508",87.78%
Terengganu,MANIR,DUN,N.22,"15,010",124,"17,239",87.79%
Selangor,BALAKONG,DUN,N.27,"53,872",286,"61,659",87.83%
Selangor,SUNGAI RAMAL,DUN,N.26,"47,924",356,"54,961",87.84%
Terengganu,PENGKALAN BERANGAN,DUN,N.20,"24,447",326,"28,200",87.85%
Pulau Pinang,PENAGA,DUN,N.01,"15,928",843,"19,089",87.86%
Selangor,MERU,DUN,N.42,"33,944",430,"39,091",87.93%
Pulau Pinang,PINANG TUNGGAL,DUN,N.03,"20,003",296,"23,056",88.04%
Selangor,BANGI,PARLIMEN,P.102,"156,327","1,114","178,790",88.06%
Selangor,SERI KEMBANGAN,DUN,N.28,"38,173",265,"43,611",88.14%
Selangor,KOTA ANGGERIK,DUN,N.40,"45,814",279,"52,282",88.16%
Selangor,KAJANG,DUN,N.25,"54,555",375,"62,170",88.35%
Terengganu,BUKIT PAYUNG,DUN,N.18,"19,860",198,"22,661",88.51%
Selangor,TANJONG SEPAT,DUN,N.54,"21,225",267,"24,272",88.55%
Selangor,JERAM,DUN,N.12,"17,309",193,"19,751",88.61%
Wilayah Persekutuan (Putrajaya),PUTRAJAYA,PARLIMEN,P.125,"24,558",146,"27,306",90.47%